گروه,پوشه,symbol,معاملات,سودده,زیانده,وین‌ریت(%),حداکثر ضرر متوالی(%),تعداد ضررهای متوالی,افت سرمایه(%),P/L ratio,شارپ,بازده واقعی(%),بازده ویژه(%),نوع,درصد سود > ۰%,درصد سود > ۱%,درصد سود > ۵%,درصد ضرر > ۵%,بیشترین سود یک معامله(%),بیشترین ضرر یک معامله(%),انحراف معیار سود,تعداد اوت‌لایرها,مجموع سود اوت‌لایرها(%),درصد سود از اوت‌لایرها,سهم بهترین معامله از بازده کل(%),سهم ۳ معامله برتر از بازده کل(%),بازه بکتست (ماه),ماه‌های بدون معامله,میانگین سود ماهانه,انحراف معیار سود ماهانه,بهترین ماه(%),بدترین ماه(%),درصد ماه‌های سودده,میانگین سود در ماه‌های سودده,میانگین ضرر در ماه‌های ضررده,بیشترین ضرر متوالی ماهانه,تعداد معاملات در ماه (میانگین),انحراف معیار تعداد معاملات,نسبت شارپ (ماهانه),نسبت سورتینو,حداکثر افت سرمایه(%),مدت بازگشت از افت (ماه),نسبت کالمار
aggregated,Best_15m_PAXGUSDT-1m,PAXGUSDT-1m,2683,1034,1649,38.54,-11.92,25,-471.90,0.683,-0.293,-458.5905,-458.5905,اصلی,38.54,4.17,0.00,0.00,4.8975,-0.5881,0.5840,31,99.4511,-21.69,0.00,0.00,70,0,-6.5513,7.0096,9.8820,-32.4630,17.14,3.4358,-8.6176,30,38.33,12.43,-0.935,-1.154,-467.90,0,-0.168
aggregated,Best_15m_ETHUSDT-1m,ETHUSDT-1m,6230,2287,3943,36.71,-11.00,22,-339.22,1.462,-0.043,-299.0481,-299.0481,اصلی,36.71,8.19,0.56,0.00,29.1854,-0.4998,1.1041,208,942.6956,-315.23,0.00,0.00,101,0,-2.9609,7.9630,26.0833,-21.0589,34.65,5.5230,-7.4599,11,61.68,10.45,-0.372,-0.584,-328.02,0,-0.108
aggregated,Best_1h_PAXGUSDT-1m,PAXGUSDT-1m,1040,379,661,36.44,-10.94,22,-180.40,0.855,-0.232,-164.6904,-164.6904,اصلی,36.44,4.81,0.19,0.00,6.2267,-0.4998,0.6828,18,63.7357,-38.70,0.00,0.00,70,0,-2.3527,3.4800,10.8327,-8.8968,17.14,3.4567,-3.5547,18,14.86,4.09,-0.676,-1.113,-179.56,0,-0.157
aggregated,Best_15m_BTCUSDT-1m_ETHUSDT-1m_PAXGUSDT-1m,BTCUSDT-1m_ETHUSDT-1m_PAXGUSDT-1m,15457,5750,9707,37.20,-11.50,23,-1219.20,1.263,-0.076,-1212.2166,-1212.2166,اصلی,37.20,6.98,0.50,0.00,29.1854,-0.5881,1.0291,410,1913.7347,-157.87,0.00,0.00,101,0,-12.0021,14.5006,26.1807,-51.7387,22.77,7.5043,-17.7541,18,153.04,28.38,-0.828,-1.146,-1212.22,0,-0.119
aggregated,Best_15m_BTCUSDT-1m_ETHUSDT-1m,BTCUSDT-1m_ETHUSDT-1m,12774,4716,8058,36.92,-11.50,23,-758.41,1.388,-0.054,-753.6261,-753.6261,اصلی,36.92,7.57,0.60,0.00,29.1854,-0.4998,1.0990,379,1814.2836,-240.74,0.00,0.00,101,0,-7.4616,12.5334,29.2703,-35.1902,27.72,8.3502,-13.5265,11,126.48,20.06,-0.595,-0.937,-753.63,0,-0.119
aggregated,Best_15m_ETHUSDT-1m_PAXGUSDT-1m_SOLUSDT-1m_XRPUSDT-1m,ETHUSDT-1m_PAXGUSDT-1m_SOLUSDT-1m_XRPUSDT-1m,19407,6745,12662,34.76,-10.50,21,-1822.99,1.344,-0.091,-1786.6294,-1786.6294,اصلی,34.76,7.28,0.45,0.00,29.1854,-0.5881,1.0088,520,2352.0035,-131.64,0.00,0.00,101,0,-17.6894,15.7698,26.0833,-57.3423,8.91,10.3536,-20.4327,40,192.15,56.14,-1.122,-1.305,-1808.71,0,-0.117
aggregated,Best_30m_BTCUSDT-1m_ETHUSDT-1m,BTCUSDT-1m_ETHUSDT-1m,6573,2196,4377,33.41,-10.50,21,-312.42,1.709,-0.039,-310.5165,-310.5165,اصلی,33.41,8.31,0.85,0.00,27.0864,-0.4998,1.1962,234,1134.9238,-365.50,0.00,0.00,101,0,-3.0744,10.8637,42.5521,-23.9918,34.65,8.3480,-9.1318,8,65.08,11.33,-0.283,-0.526,-310.52,0,-0.119
aggregated,Best_30m_BTCUSDT-1m_XRPUSDT-1m,BTCUSDT-1m_XRPUSDT-1m,6595,2105,4490,31.92,-10.50,21,-621.37,1.561,-0.081,-599.5472,-599.5472,اصلی,31.92,7.11,0.76,0.00,24.9874,-0.4998,1.1206,200,984.0979,-164.14,0.00,0.00,101,0,-5.9361,10.0827,35.4709,-23.2745,23.76,8.1194,-10.3170,13,65.30,12.72,-0.589,-1.028,-620.57,0,-0.115
aggregated,Best_30m_BTCUSDT-1m_PAXGUSDT-1m_SOLUSDT-1m,BTCUSDT-1m_PAXGUSDT-1m_SOLUSDT-1m,7333,2394,4939,32.65,-10.50,21,-762.77,1.420,-0.102,-762.4703,-762.4703,اصلی,32.65,6.97,0.56,0.00,17.0914,-0.5490,1.0182,206,940.3288,-123.33,0.00,0.00,101,0,-7.5492,11.1632,31.9723,-41.7622,22.77,7.3784,-11.9509,10,72.60,26.77,-0.676,-0.989,-762.47,0,-0.119
aggregated,Best_30m_BTCUSDT-1m_PAXGUSDT-1m_XRPUSDT-1m,BTCUSDT-1m_PAXGUSDT-1m_XRPUSDT-1m,8319,2739,5580,32.92,-10.50,21,-926.91,1.367,-0.106,-909.8368,-909.8368,اصلی,32.92,6.52,0.60,0.00,24.9874,-0.5490,1.0338,221,1051.9243,-115.62,0.00,0.00,101,0,-9.0083,11.0751,29.7730,-38.9639,17.82,8.7206,-12.8531,16,82.37,18.33,-0.813,-1.233,-926.11,0,-0.117
aggregated,Best_1h_ETHUSDT-1m_XRPUSDT-1m,ETHUSDT-1m_XRPUSDT-1m,2342,598,1744,25.53,-10.50,21,-218.97,2.398,-0.042,-154.2613,-154.2613,اصلی,25.53,7.56,1.11,0.00,31.2843,-0.4998,1.5871,83,502.6668,-325.85,0.00,0.00,101,0,-1.5273,8.6941,50.2961,-12.2952,28.71,7.6594,-5.2276,20,23.19,6.17,-0.176,-0.493,-212.77,0,-0.086
aggregated,Best_1h_BTCUSDT-1m_PAXGUSDT-1m_XRPUSDT-1m,BTCUSDT-1m_PAXGUSDT-1m_XRPUSDT-1m,4035,1253,2782,31.05,-10.50,21,-389.43,1.630,-0.077,-366.9483,-366.9483,اصلی,31.05,7.09,0.74,0.00,31.2843,-0.4998,1.1863,126,624.4083,-170.16,0.00,0.00,101,0,-3.6332,8.5730,35.5694,-18.4121,24.75,7.7247,-7.3693,8,39.95,10.53,-0.424,-0.915,-385.63,0,-0.113
aggregated,Best_1h_ETHUSDT-1m_PAXGUSDT-1m_SOLUSDT-1m,ETHUSDT-1m_PAXGUSDT-1m_SOLUSDT-1m,3090,880,2210,28.48,-10.50,21,-310.89,1.948,-0.059,-245.3371,-245.3371,اصلی,28.48,7.41,0.81,0.00,29.1853,-0.4998,1.3378,103,552.7331,-225.30,0.00,0.00,101,0,-2.4291,8.7323,58.8910,-17.3190,27.72,6.6162,-5.8985,20,30.59,13.57,-0.278,-0.638,-306.09,0,-0.095
aggregated,Best_15m_BTCUSDT-1m_PAXGUSDT-1m_SOLUSDT-1m_XRPUSDT-1m,BTCUSDT-1m_PAXGUSDT-1m_SOLUSDT-1m_XRPUSDT-1m,19721,6887,12834,34.92,-10.61,22,-1944.45,1.295,-0.098,-1942.1593,-1942.1593,اصلی,34.92,6.90,0.48,0.00,22.9885,-0.5881,1.0065,483,2280.8958,-117.44,0.00,0.00,101,0,-19.2293,16.5194,25.9806,-64.7995,12.87,8.3119,-23.2979,22,195.26,54.65,-1.164,-1.461,-1942.16,0,-0.119
aggregated,Best_15m_BTCUSDT-1m_PAXGUSDT-1m_XRPUSDT-1m,BTCUSDT-1m_PAXGUSDT-1m_XRPUSDT-1m,15435,5490,9945,35.57,-11.00,22,-1663.09,1.201,-0.111,-1660.8015,-1660.8015,اصلی,35.57,6.39,0.47,0.00,18.9905,-0.5881,0.9668,352,1661.4309,-100.04,0.00,0.00,101,0,-16.4436,14.9853,25.9806,-59.5988,15.84,7.1405,-20.8829,13,152.82,30.31,-1.097,-1.426,-1660.80,0,-0.119
aggregated,Best_15m_BTCUSDT-1m_SOLUSDT-1m,BTCUSDT-1m_SOLUSDT-1m,10830,3826,7004,35.33,-11.00,22,-736.04,1.444,-0.061,-735.9358,-735.9358,اصلی,35.33,7.67,0.59,0.00,22.9885,-0.5122,1.1115,302,1491.0529,-202.61,0.00,0.00,101,0,-7.2865,12.0407,28.4498,-28.5005,22.77,10.3596,-12.4898,16,107.23,30.03,-0.605,-1.037,-735.94,0,-0.119
aggregated,Best_15m_ETHUSDT-1m_PAXGUSDT-1m_XRPUSDT-1m,ETHUSDT-1m_PAXGUSDT-1m_XRPUSDT-1m,15121,5348,9773,35.37,-11.00,22,-1541.63,1.260,-0.103,-1505.2716,-1505.2716,اصلی,35.37,6.87,0.43,0.00,29.1854,-0.5881,0.9691,389,1732.5385,-115.10,0.00,0.00,101,0,-14.9037,14.4387,26.0833,-49.8032,12.87,8.5098,-18.3625,13,149.71,31.62,-1.032,-1.261,-1527.35,0,-0.117
aggregated,Best_15m_BTCUSDT-1m_ETHUSDT-1m_PAXGUSDT-1m_SOLUSDT-1m,BTCUSDT-1m_ETHUSDT-1m_PAXGUSDT-1m_SOLUSDT-1m,19743,7147,12596,36.20,-11.50,23,-1500.55,1.342,-0.072,-1493.5744,-1493.5744,اصلی,36.20,7.36,0.50,0.00,29.1854,-0.5881,1.0536,541,2533.1996,-169.61,0.00,0.00,101,0,-14.7879,16.5490,26.1807,-58.0399,20.79,8.5216,-20.9066,18,195.48,50.49,-0.894,-1.211,-1493.57,0,-0.119
aggregated,Best_15m_BTCUSDT-1m_SOLUSDT-1m_XRPUSDT-1m,BTCUSDT-1m_SOLUSDT-1m_XRPUSDT-1m,17038,5853,11185,34.35,-11.00,22,-1483.67,1.402,-0.082,-1483.5687,-1483.5687,اصلی,34.35,7.32,0.55,0.00,22.9885,-0.5207,1.0574,452,2181.4447,-147.04,0.00,0.00,101,0,-14.6888,14.6730,29.6083,-45.0138,16.83,8.6375,-19.4096,22,168.69,37.70,-1.001,-1.395,-1483.57,0,-0.119
aggregated,Best_30m_PAXGUSDT-1m,PAXGUSDT-1m,1724,634,1090,36.77,-12.00,24,-334.68,0.710,-0.305,-310.2896,-310.2896,اصلی,36.77,4.23,0.00,0.00,4.8975,-0.5490,0.5895,21,67.8264,-21.86,0.00,0.00,70,0,-4.4327,4.8458,8.9046,-16.8477,14.29,4.7105,-5.9566,19,24.63,6.49,-0.915,-1.417,-330.76,0,-0.161
aggregated,Best_30m_XRPUSDT-1m,XRPUSDT-1m,2979,873,2106,29.31,-11.00,22,-382.81,1.616,-0.101,-347.0870,-347.0870,اصلی,29.31,6.65,0.77,0.00,24.9874,-0.4998,1.1509,80,424.2244,-122.22,0.00,0.00,97,0,-3.5782,6.6551,21.8341,-14.3069,22.68,5.6423,-6.2829,14,30.71,6.45,-0.538,-1.017,-382.31,0,-0.112
aggregated,Best_30m_BTCUSDT-1m_SOLUSDT-1m,BTCUSDT-1m_SOLUSDT-1m,5609,1760,3849,31.38,-11.00,22,-452.48,1.671,-0.072,-452.1807,-452.1807,اصلی,31.38,7.81,0.73,0.00,17.0914,-0.4998,1.1163,185,872.5024,-192.95,0.00,0.00,101,0,-4.4770,10.1392,37.6702,-24.9145,23.76,9.6443,-8.8785,19,55.53,15.87,-0.442,-0.854,-452.18,0,-0.119
aggregated,Best_30m_PAXGUSDT-1m_XRPUSDT-1m,PAXGUSDT-1m_XRPUSDT-1m,4703,1507,3196,32.04,-11.00,22,-695.38,1.238,-0.142,-657.3766,-657.3766,اصلی,32.04,5.76,0.49,0.00,24.9874,-0.5490,0.9835,101,492.0508,-74.85,0.00,0.00,97,0,-6.7771,8.0705,24.5420,-24.7452,15.46,7.0376,-9.3042,17,48.48,13.00,-0.840,-1.296,-690.77,0,-0.118
aggregated,Best_1h_SOLUSDT-1m,SOLUSDT-1m,827,168,659,20.31,-11.00,22,-97.27,2.962,-0.078,-80.5040,-80.5040,اصلی,20.31,8.95,0.85,0.00,11.4942,-0.4998,1.2402,170,247.8646,-307.89,0.00,0.00,70,0,-1.1501,4.2655,12.2932,-9.4962,34.29,3.3258,-3.4853,16,11.81,3.41,-0.270,-0.505,-96.67,0,-0.143
aggregated,Best_1h_BTCUSDT-1m_ETHUSDT-1m,BTCUSDT-1m_ETHUSDT-1m,3099,942,2157,30.40,-11.00,22,-181.01,2.187,-0.011,-48.2820,-48.2820,اصلی,30.40,8.68,1.10,0.00,29.1853,-0.4998,1.4827,127,700.1243,-1450.07,0.00,0.00,101,0,-0.4780,9.9587,52.7603,-15.3945,40.59,8.1136,-6.3490,8,30.68,6.34,-0.048,-0.124,-172.11,0,-0.033
aggregated,Best_1h_BTCUSDT-1m_ETHUSDT-1m_PAXGUSDT-1m,BTCUSDT-1m_ETHUSDT-1m_PAXGUSDT-1m,4139,1321,2818,31.92,-11.00,22,-324.37,1.808,-0.039,-212.9724,-212.9724,اصلی,31.92,7.71,0.87,0.00,29.1853,-0.4998,1.3292,145,763.8600,-358.67,0.00,0.00,101,0,-2.1086,10.0974,53.0594,-16.2419,30.69,9.0174,-7.0359,8,40.98,9.94,-0.209,-0.483,-315.46,0,-0.080
aggregated,Best_1h_BTCUSDT-1m_ETHUSDT-1m_SOLUSDT-1m,BTCUSDT-1m_ETHUSDT-1m_SOLUSDT-1m,3926,1110,2816,28.27,-11.00,22,-223.66,2.304,-0.023,-128.7860,-128.7860,اصلی,28.27,8.74,1.04,0.00,29.1853,-0.4998,1.4352,161,868.0624,-674.03,0.00,0.00,101,0,-1.2751,10.5499,56.5579,-15.9942,37.62,8.6374,-7.2541,8,38.87,8.90,-0.121,-0.281,-213.33,0,-0.072
aggregated,Best_1h_BTCUSDT-1m_ETHUSDT-1m_PAXGUSDT-1m_SOLUSDT-1m,BTCUSDT-1m_ETHUSDT-1m_PAXGUSDT-1m_SOLUSDT-1m,4966,1489,3477,29.98,-11.00,22,-369.95,1.938,-0.045,-293.4764,-293.4764,اصلی,29.98,7.91,0.87,0.00,29.1853,-0.4998,1.3148,179,931.7981,-317.50,0.00,0.00,101,0,-2.9057,10.6104,56.8570,-17.7387,29.70,9.0130,-7.9418,8,49.17,14.57,-0.274,-0.575,-364.42,0,-0.096
aggregated,Best_5m_XRPUSDT-1m,XRPUSDT-1m,16381,6364,10017,38.85,-13.47,2,-1735.31,1.040,-0.110,-1734.7108,-1734.7108,اصلی,38.85,6.17,0.48,0.06,24.9874,-13.0280,0.9638,360,1527.2884,-88.04,0.00,0.00,97,0,-17.8836,13.1470,30.3748,-46.4419,7.22,15.0481,-20.4450,28,168.88,25.83,-1.360,-1.947,-1734.71,0,-0.124
aggregated,Best_30m_BTCUSDT-1m_ETHUSDT-1m_PAXGUSDT-1m,BTCUSDT-1m_ETHUSDT-1m_PAXGUSDT-1m,8297,2830,5467,34.11,-11.50,23,-622.71,1.489,-0.068,-620.8061,-620.8061,اصلی,34.11,7.46,0.67,0.00,27.0864,-0.5490,1.0993,255,1202.7502,-193.74,0.00,0.00,101,0,-6.1466,11.9932,36.8542,-39.6001,27.72,8.2417,-11.6654,10,82.15,16.84,-0.513,-0.792,-620.81,0,-0.119
aggregated,Best_30m_ETHUSDT-1m_PAXGUSDT-1m_SOLUSDT-1m,ETHUSDT-1m_PAXGUSDT-1m_SOLUSDT-1m,6674,2126,4548,31.85,-11.50,23,-582.36,1.600,-0.076,-568.0665,-568.0665,اصلی,31.85,7.72,0.64,0.00,27.0864,-0.5490,1.1186,200,955.5055,-168.20,0.00,0.00,101,0,-5.6244,10.6043,20.8924,-36.0774,24.75,7.0611,-9.7973,12,66.08,26.78,-0.530,-0.683,-578.47,0,-0.117
aggregated,Best_1h_XRPUSDT-1m,XRPUSDT-1m,1119,265,854,23.68,-11.50,23,-154.41,2.055,-0.100,-154.1186,-154.1186,اصلی,23.68,6.43,0.89,0.00,31.2843,-0.4998,1.3793,269,270.7114,-175.65,0.00,0.00,97,0,-1.5889,5.1303,35.7814,-9.1965,23.71,4.4929,-3.4791,13,11.54,3.52,-0.310,-0.941,-154.12,0,-0.124
aggregated,Best_1h_BTCUSDT-1m_SOLUSDT-1m_XRPUSDT-1m,BTCUSDT-1m_SOLUSDT-1m_XRPUSDT-1m,3822,1042,2780,27.26,-11.50,23,-288.76,2.123,-0.057,-282.7619,-282.7619,اصلی,27.26,8.11,0.92,0.00,31.2843,-0.4998,1.3000,142,728.6107,-257.68,0.00,0.00,101,0,-2.7996,9.1103,34.1810,-19.0031,30.69,7.6069,-7.4082,8,37.84,9.63,-0.307,-0.635,-285.46,0,-0.118
aggregated,Best_15m_ETHUSDT-1m_XRPUSDT-1m,ETHUSDT-1m_XRPUSDT-1m,12438,4314,8124,34.68,-12.00,24,-1080.35,1.396,-0.081,-1046.6811,-1046.6811,اصلی,34.68,7.45,0.52,0.00,29.1854,-0.5207,1.0329,358,1633.0874,-156.03,0.00,0.00,101,0,-10.3632,12.4272,26.3804,-37.7165,17.82,8.7013,-14.4976,12,123.15,19.40,-0.834,-1.167,-1068.76,0,-0.116
aggregated,Best_15m_BTCUSDT-1m_ETHUSDT-1m_PAXGUSDT-1m_XRPUSDT-1m,BTCUSDT-1m_ETHUSDT-1m_PAXGUSDT-1m_XRPUSDT-1m,21665,7777,13888,35.90,-12.49,25,-1966.83,1.278,-0.090,-1959.8496,-1959.8496,اصلی,35.90,6.91,0.49,0.00,29.1854,-0.5881,1.0086,560,2604.1265,-132.87,0.00,0.00,101,0,-19.4045,17.9812,25.0784,-65.2996,12.87,10.2265,-23.7818,24,214.50,35.13,-1.079,-1.321,-1959.85,0,-0.119
aggregated,Best_30m_SOLUSDT-1m_XRPUSDT-1m,SOLUSDT-1m_XRPUSDT-1m,4972,1401,3571,28.18,-12.00,24,-569.05,1.767,-0.095,-546.8076,-546.8076,اصلی,28.18,7.34,0.74,0.00,24.9874,-0.4998,1.1523,145,736.8532,-134.76,0.00,0.00,97,0,-5.6372,8.9812,29.2822,-27.8789,18.56,8.2269,-8.7961,13,51.26,15.31,-0.628,-0.998,-567.75,0,-0.119
aggregated,Best_30m_BTCUSDT-1m_SOLUSDT-1m_XRPUSDT-1m,BTCUSDT-1m_SOLUSDT-1m_XRPUSDT-1m,8588,2633,5955,30.66,-12.00,24,-809.81,1.653,-0.082,-799.2678,-799.2678,اصلی,30.66,7.41,0.75,0.00,24.9874,-0.4998,1.1285,265,1296.7268,-162.24,0.00,0.00,101,0,-7.9135,11.9778,31.4715,-32.8121,23.76,9.1496,-13.2319,13,85.03,20.14,-0.661,-1.095,-806.01,0,-0.118
aggregated,Best_30m_BTCUSDT-1m_PAXGUSDT-1m_SOLUSDT-1m_XRPUSDT-1m,BTCUSDT-1m_PAXGUSDT-1m_SOLUSDT-1m_XRPUSDT-1m,10312,3267,7045,31.68,-12.00,24,-1112.65,1.472,-0.102,-1109.5574,-1109.5574,اصلی,31.68,6.88,0.62,0.00,24.9874,-0.5490,1.0582,286,1364.5532,-122.98,0.00,0.00,101,0,-10.9857,12.8895,25.7736,-49.6598,17.82,8.6437,-15.2427,15,102.10,29.79,-0.852,-1.156,-1111.55,0,-0.119
aggregated,Best_1h_BTCUSDT-1m_SOLUSDT-1m,BTCUSDT-1m_SOLUSDT-1m,2703,777,1926,28.75,-12.00,24,-150.46,2.147,-0.038,-128.6433,-128.6433,اصلی,28.75,8.81,0.92,0.00,15.1924,-0.4998,1.2651,110,547.0031,-425.21,0.00,0.00,101,0,-1.2737,6.9882,27.7847,-14.2944,35.64,6.1802,-5.4020,12,26.76,7.43,-0.182,-0.366,-145.32,0,-0.105
aggregated,Best_30m_PAXGUSDT-1m_SOLUSDT-1m_XRPUSDT-1m,PAXGUSDT-1m_SOLUSDT-1m_XRPUSDT-1m,6696,2035,4661,30.39,-12.08,25,-874.90,1.441,-0.123,-857.0972,-857.0972,اصلی,30.39,6.54,0.55,0.00,24.9874,-0.5490,1.0374,166,804.6797,-93.88,0.00,0.00,97,0,-8.8361,10.1351,22.7420,-35.4411,15.46,7.3749,-11.8015,15,69.03,25.54,-0.872,-1.161,-873.30,0,-0.121
aggregated,Best_15m_BTCUSDT-1m_ETHUSDT-1m_XRPUSDT-1m,BTCUSDT-1m_ETHUSDT-1m_XRPUSDT-1m,18982,6743,12239,35.52,-12.49,25,-1506.05,1.368,-0.075,-1501.2591,-1501.2591,اصلی,35.52,7.29,0.56,0.00,29.1854,-0.5207,1.0544,529,2504.6754,-166.84,0.00,0.00,101,0,-14.8640,16.2510,28.6753,-46.5333,15.84,10.9388,-19.7209,18,187.94,25.47,-0.915,-1.207,-1501.26,0,-0.119
aggregated,Best_15m_BTCUSDT-1m_ETHUSDT-1m_PAXGUSDT-1m_SOLUSDT-1m_XRPUSDT-1m,BTCUSDT-1m_ETHUSDT-1m_PAXGUSDT-1m_SOLUSDT-1m_XRPUSDT-1m,25951,9174,16777,35.35,-12.50,25,-2248.19,1.337,-0.084,-2241.2074,-2241.2074,اصلی,35.35,7.21,0.50,0.00,29.1854,-0.5881,1.0310,691,3223.5914,-143.83,0.00,0.00,101,0,-22.1902,19.3308,25.0784,-70.5003,10.89,11.3887,-26.2943,27,256.94,57.33,-1.148,-1.386,-2241.21,0,-0.119
aggregated,Best_15m_ETHUSDT-1m_SOLUSDT-1m,ETHUSDT-1m_SOLUSDT-1m,10516,3684,6832,35.03,-12.50,25,-614.18,1.539,-0.049,-580.4059,-580.4059,اصلی,35.03,8.41,0.54,0.00,29.1854,-0.5122,1.1178,339,1562.1605,-269.15,0.00,0.00,101,0,-5.7466,10.6600,26.0833,-28.6932,30.69,6.0335,-10.9635,16,104.12,30.93,-0.539,-0.743,-609.37,0,-0.113
aggregated,Best_15m_PAXGUSDT-1m_SOLUSDT-1m_XRPUSDT-1m,PAXGUSDT-1m_SOLUSDT-1m_XRPUSDT-1m,13177,4458,8719,33.83,-12.50,25,-1490.27,1.283,-0.118,-1487.5813,-1487.5813,اصلی,33.83,6.85,0.39,0.00,22.9885,-0.5881,0.9598,312,1409.3079,-94.74,0.00,0.00,97,0,-15.3359,12.3281,14.4897,-49.3031,6.19,8.9758,-16.9389,40,135.85,48.92,-1.244,-1.406,-1487.58,0,-0.124
aggregated,Best_1h_PAXGUSDT-1m_XRPUSDT-1m,PAXGUSDT-1m_XRPUSDT-1m,2159,644,1515,29.83,-12.44,25,-327.67,1.350,-0.134,-318.8090,-318.8090,اصلی,29.83,5.65,0.56,0.00,31.2843,-0.4998,1.1001,50,245.3433,-76.96,0.00,0.00,97,0,-3.2867,6.2087,38.0691,-12.5668,17.53,5.8657,-5.2316,27,22.26,8.07,-0.529,-1.097,-325.27,0,-0.121
aggregated,Best_1h_SOLUSDT-1m_XRPUSDT-1m,SOLUSDT-1m_XRPUSDT-1m,1946,433,1513,22.25,-12.50,25,-234.72,2.407,-0.091,-234.6226,-234.6226,اصلی,22.25,7.50,0.87,0.00,31.2843,-0.4998,1.3218,439,518.5760,-221.03,0.00,0.00,97,0,-2.4188,6.7079,36.1808,-14.7942,22.68,6.2460,-4.9605,14,20.06,7.02,-0.361,-0.774,-234.62,0,-0.124
aggregated,Best_1h_BTCUSDT-1m_ETHUSDT-1m_XRPUSDT-1m,BTCUSDT-1m_ETHUSDT-1m_XRPUSDT-1m,4218,1207,3011,28.62,-12.50,25,-283.38,2.158,-0.033,-202.4006,-202.4006,اصلی,28.62,8.08,1.04,0.00,31.2843,-0.4998,1.4568,159,881.7318,-435.64,0.00,0.00,101,0,-2.0040,11.2980,48.2621,-18.3937,31.68,10.4278,-7.7694,6,41.76,8.80,-0.177,-0.419,-274.59,0,-0.088
aggregated,Best_1h_BTCUSDT-1m_PAXGUSDT-1m_SOLUSDT-1m,BTCUSDT-1m_PAXGUSDT-1m_SOLUSDT-1m,3743,1156,2587,30.88,-12.50,25,-303.96,1.726,-0.069,-293.3337,-293.3337,اصلی,30.88,7.69,0.72,0.00,15.1924,-0.4998,1.1347,128,610.7389,-208.21,0.00,0.00,101,0,-2.9043,7.0039,20.2623,-18.2940,32.67,4.8327,-6.6590,12,37.06,13.75,-0.415,-0.691,-300.66,0,-0.116
aggregated,Best_1h_BTCUSDT-1m_ETHUSDT-1m_PAXGUSDT-1m_XRPUSDT-1m,BTCUSDT-1m_ETHUSDT-1m_PAXGUSDT-1m_XRPUSDT-1m,5258,1586,3672,30.16,-12.50,25,-448.36,1.849,-0.052,-367.0910,-367.0910,اصلی,30.16,7.44,0.87,0.00,31.2843,-0.4998,1.3403,177,945.4676,-257.56,0.00,0.00,101,0,-3.6346,11.5299,48.5612,-21.0114,26.73,11.2090,-9.0504,7,52.06,11.90,-0.315,-0.753,-443.16,0,-0.098
aggregated,Best_1h_BTCUSDT-1m_ETHUSDT-1m_SOLUSDT-1m_XRPUSDT-1m,BTCUSDT-1m_ETHUSDT-1m_SOLUSDT-1m_XRPUSDT-1m,5045,1375,3670,27.25,-12.50,25,-347.47,2.256,-0.039,-282.9046,-282.9046,اصلی,27.25,8.23,1.01,0.00,31.2843,-0.4998,1.4236,193,1049.6699,-371.03,0.00,0.00,101,0,-2.8010,12.0411,52.0597,-20.0929,30.69,11.0333,-8.9277,6,49.95,11.14,-0.233,-0.527,-341.37,0,-0.098
aggregated,Best_1h_BTCUSDT-1m_ETHUSDT-1m_PAXGUSDT-1m_SOLUSDT-1m_XRPUSDT-1m,BTCUSDT-1m_ETHUSDT-1m_PAXGUSDT-1m_SOLUSDT-1m_XRPUSDT-1m,6085,1754,4331,28.82,-12.50,25,-518.63,1.955,-0.055,-447.5950,-447.5950,اصلی,28.82,7.64,0.87,0.00,31.2843,-0.4998,1.3271,211,1113.4057,-248.75,0.00,0.00,101,0,-4.4316,12.1976,52.3588,-20.9450,26.73,10.9151,-10.0311,6,60.25,16.21,-0.363,-0.781,-513.43,0,-0.104
aggregated,Best_5m_BTCUSDT-1m_SOLUSDT-1m,BTCUSDT-1m_SOLUSDT-1m,27607,11090,16517,40.17,-15.83,2,-2387.10,1.067,-0.090,-2386.1039,-2386.1039,اصلی,40.17,6.79,0.40,0.06,31.2843,-10.2019,0.9647,643,2643.5407,-110.79,0.00,0.00,101,0,-23.6248,22.4319,44.8819,-80.8243,9.90,23.4245,-28.7950,27,273.34,86.84,-1.053,-1.442,-2386.10,0,-0.119
aggregated,Best_30m_BTCUSDT-1m_ETHUSDT-1m_SOLUSDT-1m,BTCUSDT-1m_ETHUSDT-1m_SOLUSDT-1m,8566,2724,5842,31.80,-12.99,26,-512.14,1.769,-0.050,-510.2371,-510.2371,اصلی,31.80,8.32,0.82,0.00,27.0864,-0.4998,1.1868,299,1447.5526,-283.70,0.00,0.00,101,0,-5.0519,13.0096,38.5527,-33.4484,30.69,10.6128,-11.9890,9,84.81,18.46,-0.388,-0.708,-510.24,0,-0.119
aggregated,Best_5m_ETHUSDT-1m,ETHUSDT-1m,16481,6743,9738,40.91,-16.58,4,-1234.50,1.085,-0.076,-1226.3063,-1226.3063,اصلی,40.91,6.84,0.44,0.02,31.2843,-15.2999,0.9809,415,1771.1239,-144.43,0.00,0.00,101,0,-12.1416,16.3952,39.1704,-48.4317,17.82,14.0679,-17.8256,12,163.18,29.20,-0.741,-1.166,-1226.31,0,-0.119
aggregated,Best_15m_SOLUSDT-1m,SOLUSDT-1m,4286,1397,2889,32.59,-13.49,27,-326.37,1.664,-0.058,-281.3578,-281.3578,اصلی,32.59,8.73,0.51,0.00,22.9885,-0.5122,1.1376,131,619.4649,-220.17,0.00,0.00,70,0,-4.0194,8.0512,24.0856,-17.0956,25.71,6.8755,-7.7907,10,61.23,9.15,-0.499,-0.959,-323.77,0,-0.149
aggregated,Best_30m_PAXGUSDT-1m_SOLUSDT-1m,PAXGUSDT-1m_SOLUSDT-1m,3717,1162,2555,31.26,-13.49,27,-526.00,1.309,-0.146,-510.0102,-510.0102,اصلی,31.26,6.46,0.38,0.00,17.0914,-0.5490,0.9366,86,380.4553,-74.60,0.00,0.00,70,0,-7.2859,8.1797,15.4909,-27.5436,18.57,4.8962,-10.0642,19,53.10,9.67,-0.891,-1.234,-525.50,0,-0.166
aggregated,Best_30m_BTCUSDT-1m_ETHUSDT-1m_XRPUSDT-1m,BTCUSDT-1m_ETHUSDT-1m_XRPUSDT-1m,9552,3069,6483,32.13,-13.49,27,-672.40,1.682,-0.058,-657.6036,-657.6036,اصلی,32.13,7.79,0.83,0.00,27.0864,-0.4998,1.1826,314,1559.1481,-237.10,0.00,0.00,101,0,-6.5109,12.9835,36.3534,-34.0880,28.71,9.6205,-13.0083,7,94.57,16.19,-0.501,-0.821,-670.00,0,-0.117
aggregated,Best_30m_BTCUSDT-1m_ETHUSDT-1m_PAXGUSDT-1m_SOLUSDT-1m,BTCUSDT-1m_ETHUSDT-1m_PAXGUSDT-1m_SOLUSDT-1m,10290,3358,6932,32.63,-13.49,27,-822.43,1.572,-0.072,-820.5267,-820.5267,اصلی,32.63,7.64,0.68,0.00,27.0864,-0.5490,1.1102,320,1515.3791,-184.68,0.00,0.00,101,0,-8.1240,14.0263,32.8548,-50.2960,24.75,9.8418,-14.0338,9,101.88,28.34,-0.579,-0.826,-820.53,0,-0.119
aggregated,Best_30m_BTCUSDT-1m_ETHUSDT-1m_PAXGUSDT-1m_XRPUSDT-1m,BTCUSDT-1m_ETHUSDT-1m_PAXGUSDT-1m_XRPUSDT-1m,11276,3703,7573,32.84,-13.49,27,-977.94,1.518,-0.077,-967.8932,-967.8932,اصلی,32.84,7.25,0.70,0.00,27.0864,-0.5490,1.1133,335,1626.9745,-168.09,0.00,0.00,101,0,-9.5831,13.9730,30.6555,-47.4977,20.79,10.6237,-14.8874,12,111.64,20.84,-0.686,-0.989,-975.54,0,-0.118
aggregated,Best_30m_BTCUSDT-1m_ETHUSDT-1m_PAXGUSDT-1m_SOLUSDT-1m_XRPUSDT-1m,BTCUSDT-1m_ETHUSDT-1m_PAXGUSDT-1m_SOLUSDT-1m_XRPUSDT-1m,13269,4231,9038,31.89,-13.49,27,-1169.52,1.581,-0.079,-1167.6137,-1167.6137,اصلی,31.89,7.42,0.70,0.00,27.0864,-0.5490,1.1196,400,1939.6034,-166.12,0.00,0.00,101,0,-11.5605,15.7581,28.4301,-58.1936,21.78,10.0411,-17.5762,12,131.38,31.62,-0.734,-0.994,-1167.61,0,-0.119
aggregated,Best_5m_BTCUSDT-1m_XRPUSDT-1m,BTCUSDT-1m_XRPUSDT-1m,31433,12591,18842,40.06,-16.49,33,-3036.58,1.022,-0.103,-3035.5864,-3035.5864,اصلی,40.06,6.29,0.43,0.04,24.9874,-13.0280,0.9408,701,2935.9435,-96.72,0.00,0.00,101,0,-30.0553,21.4164,21.2719,-84.9318,10.89,9.1008,-34.8411,19,311.22,57.32,-1.403,-1.741,-3035.59,0,-0.119
aggregated,Best_15m_SOLUSDT-1m_XRPUSDT-1m,SOLUSDT-1m_XRPUSDT-1m,10494,3424,7070,32.63,-13.99,28,-1028.99,1.462,-0.095,-1028.9907,-1028.9907,اصلی,32.63,7.54,0.50,0.00,22.9885,-0.5207,1.0337,281,1309.8567,-127.30,0.00,0.00,97,0,-10.6082,10.1144,16.1475,-33.6927,13.40,7.6235,-13.4297,22,108.19,31.53,-1.049,-1.438,-1028.99,0,-0.124
aggregated,Best_1h_BTCUSDT-1m_PAXGUSDT-1m_SOLUSDT-1m_XRPUSDT-1m,BTCUSDT-1m_PAXGUSDT-1m_SOLUSDT-1m_XRPUSDT-1m,4862,1421,3441,29.23,-13.99,28,-457.41,1.787,-0.077,-447.4522,-447.4522,اصلی,29.23,7.40,0.76,0.00,31.2843,-0.4998,1.1955,160,792.3464,-177.08,0.00,0.00,101,0,-4.4302,9.2590,35.9689,-21.7929,23.76,7.5838,-8.1748,8,48.14,15.23,-0.478,-0.844,-452.11,0,-0.118
aggregated,Best_5m_BTCUSDT-1m,BTCUSDT-1m,15052,6227,8825,41.37,-17.83,6,-1301.77,1.004,-0.094,-1300.8756,-1300.8756,اصلی,41.37,6.42,0.37,0.03,17.0914,-8.4459,0.9150,341,1408.6551,-108.29,0.00,0.00,101,0,-12.8800,15.3465,38.3499,-46.5685,14.85,11.2975,-17.0970,27,149.03,35.63,-0.839,-1.109,-1300.88,0,-0.119
aggregated,Best_15m_BTCUSDT-1m_ETHUSDT-1m_SOLUSDT-1m_XRPUSDT-1m,BTCUSDT-1m_ETHUSDT-1m_SOLUSDT-1m_XRPUSDT-1m,23268,8140,15128,34.98,-14.49,29,-1787.40,1.419,-0.072,-1782.6169,-1782.6169,اصلی,34.98,7.56,0.55,0.00,29.1854,-0.5207,1.0702,660,3124.1403,-175.26,0.00,0.00,101,0,-17.6497,17.6414,32.4038,-56.0877,13.86,11.3116,-22.3101,22,230.38,41.28,-1.000,-1.283,-1782.62,0,-0.119
aggregated,Best_1h_ETHUSDT-1m_SOLUSDT-1m_XRPUSDT-1m,ETHUSDT-1m_SOLUSDT-1m_XRPUSDT-1m,3169,766,2403,24.17,-14.49,29,-290.14,2.522,-0.049,-234.7653,-234.7653,اصلی,24.17,7.92,1.04,0.00,31.2843,-0.4998,1.5042,778,960.2565,-409.03,0.00,0.00,101,0,-2.3244,9.8618,54.0937,-17.4008,26.73,9.0298,-6.4672,20,31.38,9.16,-0.236,-0.605,-283.05,0,-0.099
aggregated,Best_15m_BTCUSDT-1m_ETHUSDT-1m_SOLUSDT-1m,BTCUSDT-1m_ETHUSDT-1m_SOLUSDT-1m,17060,6113,10947,35.83,-14.99,30,-1039.77,1.451,-0.055,-1034.9839,-1034.9839,اصلی,35.83,7.86,0.58,0.00,29.1854,-0.5122,1.1088,510,2433.7485,-235.15,0.00,0.00,101,0,-10.2474,14.7464,31.2454,-42.6893,28.71,8.0289,-17.6086,16,168.91,33.91,-0.695,-1.093,-1034.98,0,-0.119
aggregated,Best_5m_ETHUSDT-1m_SOLUSDT-1m,ETHUSDT-1m_SOLUSDT-1m,29036,11606,17430,39.97,-17.80,6,-2319.83,1.111,-0.080,-2311.5346,-2311.5346,اصلی,39.97,7.01,0.44,0.06,31.2843,-15.2999,0.9985,717,3006.0094,-130.04,0.00,0.00,101,0,-22.8865,23.9072,39.5614,-78.0985,15.84,18.2206,-30.6243,15,287.49,88.09,-0.957,-1.406,-2311.53,0,-0.119
aggregated,Best_5m_ETHUSDT-1m_XRPUSDT-1m,ETHUSDT-1m_XRPUSDT-1m,32862,13107,19755,39.88,-17.80,6,-2969.31,1.063,-0.093,-2961.0172,-2961.0172,اصلی,39.88,6.51,0.46,0.04,31.2843,-15.2999,0.9725,775,3298.4123,-111.39,0.00,0.00,101,0,-29.3170,23.0633,49.9055,-81.5215,6.93,21.9213,-33.1326,27,325.37,56.34,-1.271,-1.583,-2961.02,0,-0.119
aggregated,Best_15m_ETHUSDT-1m_SOLUSDT-1m_XRPUSDT-1m,ETHUSDT-1m_SOLUSDT-1m_XRPUSDT-1m,16724,5711,11013,34.15,-14.99,30,-1361.71,1.462,-0.075,-1328.0389,-1328.0389,اصلی,34.15,7.78,0.52,0.00,29.1854,-0.5207,1.0607,489,2252.5523,-169.61,0.00,0.00,101,0,-13.1489,13.8352,26.0833,-46.3891,12.87,10.2962,-16.6124,40,165.58,39.15,-0.950,-1.212,-1350.11,0,-0.117
aggregated,Best_30m_BTCUSDT-1m,BTCUSDT-1m,3616,1232,2384,34.07,-7.50,15,-252.76,1.523,-0.064,-252.4602,-252.4602,اصلی,34.07,7.49,0.75,0.00,15.1924,-0.4998,1.0947,120,559.8735,-221.77,0.00,0.00,101,0,-2.4996,7.8209,41.6696,-18.2932,25.74,6.8119,-5.7276,9,35.80,7.35,-0.320,-0.657,-252.46,0,-0.119
aggregated,Best_30m_BTCUSDT-1m_ETHUSDT-1m_SOLUSDT-1m_XRPUSDT-1m,BTCUSDT-1m_ETHUSDT-1m_SOLUSDT-1m_XRPUSDT-1m,11545,3597,7948,31.16,-14.99,30,-860.81,1.731,-0.063,-857.3241,-857.3241,اصلی,31.16,7.89,0.81,0.00,27.0864,-0.4998,1.1778,379,1871.7770,-218.33,0.00,0.00,101,0,-8.4884,14.8315,32.3540,-41.3459,30.69,9.4305,-16.4239,7,114.31,22.82,-0.572,-0.936,-857.32,0,-0.119
aggregated,Best_30m_ETHUSDT-1m_XRPUSDT-1m,ETHUSDT-1m_XRPUSDT-1m,5936,1837,4099,30.95,-15.49,31,-447.03,1.789,-0.055,-405.1434,-405.1434,اصلی,30.95,7.97,0.88,0.00,27.0864,-0.4998,1.2332,194,999.2746,-246.65,0.00,0.00,101,0,-4.0113,9.6271,23.1062,-22.0129,27.72,8.0589,-8.6410,9,58.77,11.68,-0.417,-0.707,-442.14,0,-0.109
aggregated,Best_30m_ETHUSDT-1m_PAXGUSDT-1m_XRPUSDT-1m,ETHUSDT-1m_PAXGUSDT-1m_XRPUSDT-1m,7660,2471,5189,32.26,-15.49,31,-762.98,1.516,-0.083,-715.4330,-715.4330,اصلی,32.26,7.13,0.68,0.00,27.0864,-0.5490,1.1220,215,1067.1010,-149.15,0.00,0.00,101,0,-7.0835,10.9379,25.8140,-33.2791,22.77,8.3652,-11.6389,11,75.84,17.62,-0.648,-1.006,-755.20,0,-0.113
aggregated,Best_30m_ETHUSDT-1m_SOLUSDT-1m_XRPUSDT-1m,ETHUSDT-1m_SOLUSDT-1m_XRPUSDT-1m,7929,2365,5564,29.83,-15.49,31,-633.27,1.840,-0.063,-604.8640,-604.8640,اصلی,29.83,8.07,0.83,0.00,27.0864,-0.4998,1.2139,259,1311.9035,-216.89,0.00,0.00,101,0,-5.9888,11.7439,31.4793,-31.2791,29.70,8.1224,-11.9512,9,78.50,20.02,-0.510,-0.822,-627.58,0,-0.115
aggregated,Best_30m_ETHUSDT-1m_PAXGUSDT-1m_SOLUSDT-1m_XRPUSDT-1m,ETHUSDT-1m_PAXGUSDT-1m_SOLUSDT-1m_XRPUSDT-1m,9653,2999,6654,31.07,-15.49,31,-939.12,1.604,-0.084,-915.1536,-915.1536,اصلی,31.07,7.39,0.68,0.00,27.0864,-0.5490,1.1287,280,1379.7299,-150.76,0.00,0.00,101,0,-9.0609,12.9054,24.0140,-43.9750,22.77,8.1916,-14.1482,12,95.57,29.70,-0.702,-0.960,-933.13,0,-0.117
aggregated,Best_15m_ETHUSDT-1m_PAXGUSDT-1m,ETHUSDT-1m_PAXGUSDT-1m,8913,3321,5592,37.26,-8.50,17,-794.50,1.223,-0.087,-757.6386,-757.6386,اصلی,37.26,6.98,0.39,0.00,29.1854,-0.5881,0.9787,239,1042.1467,-137.55,0.00,0.00,101,0,-7.5014,10.5548,26.0833,-39.8480,23.76,5.8310,-11.6569,16,88.25,23.43,-0.711,-0.956,-786.61,0,-0.114
aggregated,Best_5m_SOLUSDT-1m,SOLUSDT-1m,12555,4863,7692,38.73,-18.19,10,-1180.75,1.148,-0.085,-1085.2283,-1085.2283,اصلی,38.73,7.23,0.44,0.10,31.2843,-10.2019,1.0211,302,1234.8855,-113.79,0.00,0.00,70,0,-15.5033,17.4268,47.2652,-46.7876,14.29,16.1475,-20.7784,27,179.36,20.68,-0.890,-1.423,-1178.65,0,-0.158
aggregated,Best_5m_BTCUSDT-1m_ETHUSDT-1m,BTCUSDT-1m_ETHUSDT-1m,31533,12970,18563,41.13,-27.54,12,-2534.57,1.046,-0.084,-2527.1819,-2527.1819,اصلی,41.13,6.64,0.41,0.03,31.2843,-15.2999,0.9500,756,3179.7790,-125.82,0.00,0.00,101,0,-25.0216,27.2076,61.7216,-95.0003,11.88,25.6587,-31.8549,27,312.21,61.29,-0.920,-1.247,-2527.18,0,-0.119
aggregated,Best_5m_BTCUSDT-1m_SOLUSDT-1m_XRPUSDT-1m,BTCUSDT-1m_SOLUSDT-1m_XRPUSDT-1m,43988,17454,26534,39.68,-19.23,4,-4121.91,1.057,-0.097,-4120.8147,-4120.8147,اصلی,39.68,6.56,0.43,0.06,31.2843,-13.0280,0.9644,1003,4170.8291,-101.21,0.00,0.00,101,0,-40.8001,27.4782,26.9714,-120.6876,9.90,11.1364,-46.5075,18,435.52,109.98,-1.485,-1.824,-4120.81,0,-0.119
aggregated,Best_5m_BTCUSDT-1m_ETHUSDT-1m_PAXGUSDT-1m,BTCUSDT-1m_ETHUSDT-1m_PAXGUSDT-1m,36410,14855,21555,40.80,-27.54,12,-3593.27,0.976,-0.108,-3583.4149,-3583.4149,اصلی,40.80,6.17,0.35,0.03,31.2843,-15.2999,0.9079,801,3227.8569,-90.08,0.00,0.00,101,0,-35.4794,29.0126,55.4147,-115.1369,6.93,28.6301,-40.2535,27,360.50,75.01,-1.223,-1.501,-3583.41,0,-0.119
aggregated,Best_5m_BTCUSDT-1m_PAXGUSDT-1m,BTCUSDT-1m_PAXGUSDT-1m,19929,8112,11817,40.70,-20.38,6,-2360.47,0.885,-0.140,-2357.1085,-2357.1085,اصلی,40.70,5.61,0.28,0.03,17.0914,-8.4459,0.8423,386,1456.7330,-61.80,0.00,0.00,101,0,-23.3377,18.0468,32.0429,-84.7212,3.96,17.0171,-25.0018,32,197.32,53.45,-1.293,-1.435,-2357.11,0,-0.119
aggregated,Best_5m_BTCUSDT-1m_ETHUSDT-1m_SOLUSDT-1m,BTCUSDT-1m_ETHUSDT-1m_SOLUSDT-1m,44088,17833,26255,40.45,-27.54,12,-3619.90,1.074,-0.084,-3612.4102,-3612.4102,اصلی,40.45,6.81,0.42,0.05,31.2843,-15.2999,0.9708,1058,4414.6646,-122.21,0.00,0.00,101,0,-35.7664,32.3959,68.2537,-103.4572,10.89,28.3855,-43.6072,27,436.51,98.64,-1.104,-1.509,-3612.41,0,-0.119
aggregated,Best_5m_ETHUSDT-1m_PAXGUSDT-1m,ETHUSDT-1m_PAXGUSDT-1m,21358,8628,12730,40.40,-20.88,7,-2293.20,0.956,-0.118,-2282.5393,-2282.5393,اصلی,40.40,5.99,0.34,0.03,31.2843,-15.2999,0.9027,460,1819.2017,-79.70,0.00,0.00,101,0,-22.5994,20.3313,30.7748,-78.6676,11.88,13.0379,-27.4044,25,211.47,52.03,-1.112,-1.414,-2282.54,0,-0.119
aggregated,Best_5m_BTCUSDT-1m_ETHUSDT-1m_XRPUSDT-1m,BTCUSDT-1m_ETHUSDT-1m_XRPUSDT-1m,47914,19334,28580,40.35,-27.54,12,-4269.39,1.044,-0.093,-4261.8928,-4261.8928,اصلی,40.35,6.48,0.43,0.04,31.2843,-15.2999,0.9548,1116,4707.0674,-110.45,0.00,0.00,101,0,-42.1970,32.3775,41.9514,-128.0900,7.92,23.2206,-47.8243,27,474.40,79.73,-1.303,-1.575,-4261.89,0,-0.119
aggregated,Best_1h_PAXGUSDT-1m_SOLUSDT-1m_XRPUSDT-1m,PAXGUSDT-1m_SOLUSDT-1m_XRPUSDT-1m,2986,812,2174,27.19,-16.93,34,-400.29,1.685,-0.117,-399.3129,-399.3129,اصلی,27.19,6.56,0.64,0.00,31.2843,-0.4998,1.1406,84,413.2814,-103.50,0.00,0.00,97,0,-4.1166,7.4531,38.4686,-18.5935,18.56,6.2705,-6.4833,22,30.78,13.12,-0.552,-0.967,-399.31,0,-0.124
aggregated,Best_5m_BTCUSDT-1m_ETHUSDT-1m_PAXGUSDT-1m_SOLUSDT-1m,BTCUSDT-1m_ETHUSDT-1m_PAXGUSDT-1m_SOLUSDT-1m,48965,19718,29247,40.27,-27.54,12,-4678.60,1.018,-0.102,-4668.6431,-4668.6431,اصلی,40.27,6.44,0.37,0.04,31.2843,-15.2999,0.9382,1103,4462.7424,-95.59,0.00,0.00,101,0,-46.2242,34.7304,61.9468,-140.9573,5.94,34.4456,-51.3191,27,484.80,130.62,-1.331,-1.605,-4668.64,0,-0.119
aggregated,Best_5m_BTCUSDT-1m_ETHUSDT-1m_PAXGUSDT-1m_XRPUSDT-1m,BTCUSDT-1m_ETHUSDT-1m_PAXGUSDT-1m_XRPUSDT-1m,52791,21219,31572,40.19,-27.54,12,-5328.09,0.995,-0.109,-5318.1257,-5318.1257,اصلی,40.19,6.17,0.39,0.04,31.2843,-15.2999,0.9256,1161,4755.1452,-89.41,0.00,0.00,101,0,-52.6547,34.5233,41.9514,-142.5974,5.94,19.1038,-57.1868,27,522.68,96.74,-1.525,-1.748,-5318.13,0,-0.119
aggregated,Best_15m_BTCUSDT-1m_XRPUSDT-1m,BTCUSDT-1m_XRPUSDT-1m,12752,4456,8296,34.94,-8.50,17,-1202.31,1.319,-0.092,-1202.2109,-1202.2109,اصلی,34.94,6.85,0.56,0.00,18.9905,-0.5207,1.0289,321,1561.9798,-129.93,0.00,0.00,101,0,-11.9031,13.0461,25.9806,-39.8131,19.80,7.9423,-16.8032,13,126.26,18.71,-0.912,-1.358,-1202.21,0,-0.119
aggregated,Best_15m_PAXGUSDT-1m_XRPUSDT-1m,PAXGUSDT-1m_XRPUSDT-1m,8891,3061,5830,34.43,-8.50,17,-1208.91,1.108,-0.158,-1206.2235,-1206.2235,اصلی,34.43,5.95,0.34,0.00,15.1924,-0.5881,0.8602,181,789.8429,-65.48,0.00,0.00,97,0,-12.4353,10.7438,14.4897,-44.1024,12.37,4.9988,-14.8966,18,91.66,23.17,-1.157,-1.398,-1206.22,0,-0.124
aggregated,Best_30m_ETHUSDT-1m,ETHUSDT-1m,2957,964,1993,32.60,-8.50,17,-95.79,1.947,-0.015,-58.0564,-58.0564,اصلی,32.60,9.30,0.98,0.00,27.0864,-0.4998,1.3092,114,575.0502,-990.50,0.00,0.00,101,0,-0.5748,6.2938,20.7884,-12.1953,38.61,5.5212,-4.4094,12,29.28,5.85,-0.091,-0.178,-88.60,0,-0.078
aggregated,Best_1h_BTCUSDT-1m_XRPUSDT-1m,BTCUSDT-1m_XRPUSDT-1m,2995,874,2121,29.18,-8.50,17,-217.67,1.962,-0.051,-202.2579,-202.2579,اصلی,29.18,7.88,0.93,0.00,31.2843,-0.4998,1.3162,108,560.6726,-277.21,0.00,0.00,101,0,-2.0026,8.3225,38.1794,-15.2947,31.68,7.1794,-6.2609,8,29.65,6.78,-0.241,-0.594,-213.87,0,-0.112
aggregated,Best_1h_ETHUSDT-1m_PAXGUSDT-1m_XRPUSDT-1m,ETHUSDT-1m_PAXGUSDT-1m_XRPUSDT-1m,3382,977,2405,28.89,-8.50,17,-389.63,1.802,-0.069,-318.9517,-318.9517,اصلی,28.89,6.71,0.83,0.00,31.2843,-0.4998,1.3745,101,566.4025,-177.58,0.00,0.00,101,0,-3.1579,9.4185,50.5952,-15.1661,23.76,8.9703,-6.9382,20,33.49,10.09,-0.335,-0.887,-384.83,0,-0.098
aggregated,Best_5m_BTCUSDT-1m_ETHUSDT-1m_SOLUSDT-1m_XRPUSDT-1m,BTCUSDT-1m_ETHUSDT-1m_SOLUSDT-1m_XRPUSDT-1m,60469,24197,36272,40.02,-27.54,12,-5354.71,1.065,-0.091,-5347.1210,-5347.1210,اصلی,40.02,6.64,0.43,0.05,31.2843,-15.2999,0.9689,1418,5941.9529,-111.12,0.00,0.00,101,0,-52.9418,37.2324,41.9514,-142.0878,6.93,29.9551,-59.1150,27,598.70,121.94,-1.422,-1.737,-5347.12,0,-0.119
aggregated,Best_5m_BTCUSDT-1m_PAXGUSDT-1m_SOLUSDT-1m,BTCUSDT-1m_PAXGUSDT-1m_SOLUSDT-1m,32484,12975,19509,39.94,-25.42,8,-3445.80,0.984,-0.116,-3442.3368,-3442.3368,اصلی,39.94,6.24,0.34,0.06,31.2843,-10.2019,0.9157,688,2691.6185,-78.19,0.00,0.00,101,0,-34.0825,25.4674,38.5750,-119.0507,4.95,19.4221,-36.8692,27,321.62,120.79,-1.338,-1.505,-3442.34,0,-0.119
aggregated,Best_5m_BTCUSDT-1m_PAXGUSDT-1m_XRPUSDT-1m,BTCUSDT-1m_PAXGUSDT-1m_XRPUSDT-1m,36310,14476,21834,39.87,-20.38,6,-4095.28,0.954,-0.125,-4091.8194,-4091.8194,اصلی,39.87,5.87,0.37,0.04,24.9874,-13.0280,0.8991,746,2984.0214,-72.93,0.00,0.00,101,0,-40.5131,24.3087,11.1766,-121.1971,5.94,6.4263,-43.4777,28,359.50,77.49,-1.667,-1.852,-4091.82,0,-0.119
aggregated,Best_5m_BTCUSDT-1m_ETHUSDT-1m_PAXGUSDT-1m_SOLUSDT-1m_XRPUSDT-1m,BTCUSDT-1m_ETHUSDT-1m_PAXGUSDT-1m_SOLUSDT-1m_XRPUSDT-1m,65346,26082,39264,39.91,-27.54,12,-6413.41,1.024,-0.104,-6403.3540,-6403.3540,اصلی,39.91,6.38,0.40,0.05,31.2843,-15.2999,0.9447,1463,5990.0308,-93.55,0.00,0.00,101,0,-63.3995,39.8125,41.9514,-180.3142,5.94,22.0637,-68.7972,27,646.99,152.75,-1.592,-1.845,-6403.35,0,-0.119
aggregated,Best_5m_PAXGUSDT-1m,PAXGUSDT-1m,4877,1885,2992,38.65,-19.38,4,-1060.90,0.505,-0.394,-1056.2329,-1056.2329,اصلی,38.65,3.12,0.00,0.04,4.8975,-6.0858,0.5498,45,48.0778,-4.55,0.00,0.00,70,0,-15.0890,11.0555,7.4357,-52.4465,4.29,2.7521,-15.8879,36,69.67,27.67,-1.365,-1.425,-1056.23,0,-0.171
aggregated,Best_5m_ETHUSDT-1m_PAXGUSDT-1m_SOLUSDT-1m,ETHUSDT-1m_PAXGUSDT-1m_SOLUSDT-1m,33913,13491,20422,39.78,-25.92,9,-3378.53,1.025,-0.105,-3367.7675,-3367.7675,اصلی,39.78,6.45,0.37,0.05,31.2843,-15.2999,0.9483,762,3054.0873,-90.69,0.00,0.00,101,0,-33.3442,27.7730,30.7748,-104.4880,11.88,13.5687,-39.6696,15,335.77,122.78,-1.201,-1.461,-3367.77,0,-0.119
aggregated,Best_5m_ETHUSDT-1m_PAXGUSDT-1m_XRPUSDT-1m,ETHUSDT-1m_PAXGUSDT-1m_XRPUSDT-1m,37739,14992,22747,39.73,-20.88,7,-4028.01,0.992,-0.114,-4017.2501,-4017.2501,اصلی,39.73,6.07,0.40,0.04,31.2843,-15.2999,0.9297,820,3346.4901,-83.30,0.00,0.00,101,0,-39.7748,26.8059,37.0629,-102.7625,5.94,18.1589,-43.4337,27,373.65,78.48,-1.484,-1.734,-4017.25,0,-0.119
aggregated,Best_5m_ETHUSDT-1m_SOLUSDT-1m_XRPUSDT-1m,ETHUSDT-1m_SOLUSDT-1m_XRPUSDT-1m,45417,17970,27447,39.57,-20.98,16,-4054.64,1.086,-0.090,-4046.2454,-4046.2454,اصلی,39.57,6.71,0.45,0.06,31.2843,-15.2999,0.9862,1077,4533.2978,-112.04,0.00,0.00,101,0,-40.0618,29.3834,41.5001,-116.4880,10.89,15.8800,-46.8992,15,449.67,112.34,-1.363,-1.772,-4046.25,0,-0.119
aggregated,Best_5m_BTCUSDT-1m_PAXGUSDT-1m_SOLUSDT-1m_XRPUSDT-1m,BTCUSDT-1m_PAXGUSDT-1m_SOLUSDT-1m_XRPUSDT-1m,48865,19339,29526,39.58,-25.42,8,-5180.61,1.003,-0.114,-5177.0476,-5177.0476,اصلی,39.58,6.22,0.39,0.06,31.2843,-13.0280,0.9321,1048,4218.9069,-81.49,0.00,0.00,101,0,-51.2579,30.7006,21.5968,-158.9140,4.95,10.3194,-54.4650,32,483.81,142.40,-1.670,-1.835,-5177.05,0,-0.119
aggregated,Best_5m_ETHUSDT-1m_PAXGUSDT-1m_SOLUSDT-1m_XRPUSDT-1m,ETHUSDT-1m_PAXGUSDT-1m_SOLUSDT-1m_XRPUSDT-1m,50294,19855,30439,39.48,-25.92,9,-5113.34,1.030,-0.106,-5102.4784,-5102.4784,اصلی,39.48,6.36,0.41,0.06,31.2843,-15.2999,0.9534,1122,4581.3756,-89.79,0.00,0.00,101,0,-50.5196,33.2453,37.0629,-137.2068,5.94,16.7366,-54.7673,43,497.96,145.15,-1.520,-1.723,-5102.48,0,-0.119
aggregated,Best_5m_SOLUSDT-1m_XRPUSDT-1m,SOLUSDT-1m_XRPUSDT-1m,28936,11227,17709,38.80,-19.73,5,-2820.14,1.087,-0.099,-2819.9391,-2819.9391,اصلی,38.80,6.63,0.46,0.08,31.2843,-13.0280,0.9891,662,2762.1739,-97.95,0.00,0.00,97,0,-29.0715,21.3026,29.6876,-82.2762,9.28,14.2286,-33.5000,18,298.31,91.65,-1.365,-1.747,-2819.94,0,-0.124
aggregated,Best_15m_BTCUSDT-1m_PAXGUSDT-1m,BTCUSDT-1m_PAXGUSDT-1m,9227,3463,5764,37.53,-9.50,19,-915.46,1.131,-0.102,-913.1685,-913.1685,اصلی,37.53,6.17,0.46,0.00,18.9905,-0.5881,0.9748,202,971.0391,-106.34,0.00,0.00,101,0,-9.0413,11.6167,27.0829,-44.3537,19.80,7.0542,-13.0155,29,91.36,22.89,-0.778,-1.050,-913.17,0,-0.119
aggregated,Best_5m_PAXGUSDT-1m_XRPUSDT-1m,PAXGUSDT-1m_XRPUSDT-1m,21258,8249,13009,38.80,-20.38,6,-2796.21,0.917,-0.148,-2790.9438,-2790.9438,اصلی,38.80,5.47,0.37,0.06,24.9874,-13.0280,0.8873,405,1575.3662,-56.45,0.00,0.00,97,0,-28.7726,18.3071,29.6876,-79.3916,7.22,10.0086,-31.7889,28,219.15,51.98,-1.572,-1.909,-2790.94,0,-0.124
aggregated,Best_5m_PAXGUSDT-1m_SOLUSDT-1m,PAXGUSDT-1m_SOLUSDT-1m,17432,6748,10684,38.71,-24.92,7,-2171.00,0.967,-0.134,-2141.4612,-2141.4612,اصلی,38.71,6.08,0.32,0.08,31.2843,-10.2019,0.9159,347,1282.9634,-59.91,0.00,0.00,70,0,-30.5923,18.9809,9.4804,-75.9432,7.14,4.3317,-33.2788,21,249.03,36.43,-1.612,-1.812,-2141.46,0,-0.171
aggregated,Best_5m_PAXGUSDT-1m_SOLUSDT-1m_XRPUSDT-1m,PAXGUSDT-1m_SOLUSDT-1m_XRPUSDT-1m,33813,13112,20701,38.78,-25.42,8,-3878.84,1.003,-0.122,-3876.1720,-3876.1720,اصلی,38.78,6.12,0.39,0.07,31.2843,-13.0280,0.9394,707,2810.2518,-72.50,0.00,0.00,97,0,-39.9605,25.7660,29.6876,-115.8065,6.19,8.1932,-43.1355,28,348.59,124.91,-1.551,-1.724,-3876.17,0,-0.124
aggregated,Best_15m_XRPUSDT-1m,XRPUSDT-1m,6208,2027,4181,32.65,-9.00,18,-747.63,1.322,-0.126,-747.6329,-747.6329,اصلی,32.65,6.72,0.48,0.00,15.1924,-0.5207,0.9548,150,690.3918,-92.34,0.00,0.00,97,0,-7.7076,8.2474,17.0888,-24.3167,13.40,7.7853,-10.1053,18,64.00,8.86,-0.935,-1.400,-747.63,0,-0.124
aggregated,Best_15m_PAXGUSDT-1m_SOLUSDT-1m,PAXGUSDT-1m_SOLUSDT-1m,6969,2431,4538,34.88,-9.00,18,-751.93,1.251,-0.110,-739.9483,-739.9483,اصلی,34.88,6.97,0.32,0.00,22.9885,-0.5881,0.9642,162,718.9161,-97.16,0.00,0.00,70,0,-10.5707,10.1115,12.5010,-38.7642,14.29,5.9080,-13.3171,19,99.56,14.87,-1.045,-1.320,-747.13,0,-0.170
aggregated,Best_30m_SOLUSDT-1m,SOLUSDT-1m,1993,528,1465,26.49,-9.00,18,-246.19,2.017,-0.087,-199.7206,-199.7206,اصلی,26.49,8.38,0.70,0.00,17.0914,-0.4998,1.1546,65,312.6289,-156.53,0.00,0.00,70,0,-2.8532,6.9913,27.3848,-14.1952,24.29,6.2011,-5.7574,9,28.47,6.54,-0.408,-0.824,-243.69,0,-0.140
aggregated,Best_1h_BTCUSDT-1m,BTCUSDT-1m,1876,609,1267,32.46,-9.00,18,-122.05,1.922,-0.020,-48.1393,-48.1393,اصلی,32.46,8.74,0.96,0.00,15.1924,-0.4998,1.2756,76,379.0650,-787.43,0.00,0.00,101,0,-0.4766,6.3499,31.7831,-9.7965,37.62,5.7696,-4.2442,12,18.57,4.04,-0.075,-0.196,-116.15,0,-0.049
aggregated,Best_1h_ETHUSDT-1m,ETHUSDT-1m,1223,333,890,27.23,-9.00,18,-81.93,2.672,-0.000,-0.1427,-0.1427,اصلی,27.23,8.59,1.31,0.00,29.1853,-0.4998,1.7539,51,321.0592,-224976.31,0.00,0.00,101,0,-0.0014,7.1203,54.7943,-6.8973,36.63,5.4997,-3.1817,5,12.11,3.68,-0.000,-0.001,-76.83,17,-0.000
aggregated,Best_1h_BTCUSDT-1m_PAXGUSDT-1m,BTCUSDT-1m_PAXGUSDT-1m,2916,988,1928,33.88,-9.00,18,-252.07,1.516,-0.066,-212.8297,-212.8297,اصلی,33.88,7.34,0.69,0.00,15.1924,-0.4998,1.1031,94,442.8008,-208.05,0.00,0.00,101,0,-2.1072,6.4839,24.2607,-13.6426,30.69,5.4218,-5.4415,12,28.87,8.70,-0.325,-0.643,-245.95,0,-0.103
aggregated,Best_1h_ETHUSDT-1m_PAXGUSDT-1m,ETHUSDT-1m_PAXGUSDT-1m,2263,712,1551,31.46,-9.00,18,-242.59,1.709,-0.053,-164.8331,-164.8331,اصلی,31.46,6.85,0.80,0.00,29.1853,-0.4998,1.3719,69,384.7950,-233.45,0.00,0.00,101,0,-1.6320,7.8298,55.0934,-13.3206,25.74,7.0587,-4.6448,15,22.41,8.47,-0.208,-0.568,-236.89,0,-0.083
aggregated,Best_15m_ETHUSDT-1m_PAXGUSDT-1m_SOLUSDT-1m,ETHUSDT-1m_PAXGUSDT-1m_SOLUSDT-1m,13199,4718,8481,35.75,-9.50,19,-1075.36,1.354,-0.076,-1038.9964,-1038.9964,اصلی,35.75,7.55,0.43,0.00,29.1854,-0.5881,1.0329,370,1661.6117,-159.92,0.00,0.00,101,0,-10.2871,12.8398,26.0833,-46.1492,20.79,6.5069,-14.6955,20,130.68,48.92,-0.801,-1.001,-1067.97,0,-0.116
aggregated,Best_15m_BTCUSDT-1m_PAXGUSDT-1m_SOLUSDT-1m,BTCUSDT-1m_PAXGUSDT-1m_SOLUSDT-1m,13513,4860,8653,35.97,-9.62,20,-1196.82,1.285,-0.086,-1194.5263,-1194.5263,اصلی,35.97,6.98,0.47,0.00,22.9885,-0.5881,1.0293,333,1590.5040,-133.15,0.00,0.00,101,0,-11.8270,14.0187,27.0829,-50.6549,19.80,8.0507,-16.7351,19,133.79,47.79,-0.844,-1.135,-1194.53,0,-0.119
aggregated,Best_15m_BTCUSDT-1m,BTCUSDT-1m,6544,2429,4115,37.12,-10.00,20,-454.68,1.317,-0.063,-454.5780,-454.5780,اصلی,37.12,6.98,0.64,0.00,18.9905,-0.4998,1.0941,171,871.5880,-191.74,0.00,0.00,101,0,-4.5008,9.3079,27.0829,-19.8938,26.73,7.5315,-8.8909,12,64.79,11.78,-0.484,-0.870,-454.58,0,-0.119
aggregated,Best_30m_BTCUSDT-1m_PAXGUSDT-1m,BTCUSDT-1m_PAXGUSDT-1m,5340,1866,3474,34.94,-9.50,19,-563.05,1.250,-0.110,-562.7498,-562.7498,اصلی,34.94,6.44,0.51,0.00,15.1924,-0.5490,0.9624,141,627.7000,-111.54,0.00,0.00,101,0,-5.5718,9.0171,35.9717,-31.0663,20.79,7.0172,-8.8764,17,52.87,14.54,-0.618,-0.994,-562.75,0,-0.119
aggregated,Best_30m_ETHUSDT-1m_SOLUSDT-1m,ETHUSDT-1m_SOLUSDT-1m,4950,1492,3458,30.14,-9.50,19,-272.07,1.971,-0.042,-257.7769,-257.7769,اصلی,30.14,8.93,0.87,0.00,27.0864,-0.4998,1.2498,179,887.6791,-344.36,0.00,0.00,101,0,-2.5522,9.2021,29.5820,-19.2297,30.69,8.0566,-7.2504,12,49.01,15.89,-0.277,-0.469,-268.18,0,-0.114
aggregated,Best_30m_ETHUSDT-1m_PAXGUSDT-1m,ETHUSDT-1m_PAXGUSDT-1m,4681,1598,3083,34.14,-10.00,20,-411.58,1.462,-0.071,-368.3460,-368.3460,اصلی,34.14,7.43,0.62,0.00,27.0864,-0.5490,1.1030,135,642.8767,-174.53,0.00,0.00,101,0,-3.6470,8.1063,24.2059,-25.3815,28.71,5.8346,-7.4660,17,46.35,13.83,-0.450,-0.668,-404.30,0,-0.108
aggregated,Best_1h_ETHUSDT-1m_SOLUSDT-1m,ETHUSDT-1m_SOLUSDT-1m,2050,501,1549,24.44,-10.00,20,-140.63,2.769,-0.025,-80.6467,-80.6467,اصلی,24.44,8.73,1.12,0.00,29.1853,-0.4998,1.5675,509,689.5451,-855.02,0.00,0.00,101,0,-0.7985,8.1943,58.5919,-14.1945,33.66,6.4591,-4.4814,11,20.30,7.19,-0.097,-0.300,-134.03,0,-0.071
aggregated,Best_1h_PAXGUSDT-1m_SOLUSDT-1m,PAXGUSDT-1m_SOLUSDT-1m,1867,547,1320,29.30,-20.43,41,-254.53,1.505,-0.135,-245.1944,-245.1944,اصلی,29.30,6.64,0.48,0.00,11.4942,-0.4998,0.9703,52,231.6738,-94.49,0.00,0.00,70,0,-3.5028,5.1424,11.2366,-15.0946,28.57,2.8896,-6.0597,14,26.67,5.18,-0.681,-1.112,-253.46,0,-0.166
aggregated,Best_1h_ETHUSDT-1m_PAXGUSDT-1m_SOLUSDT-1m_XRPUSDT-1m,ETHUSDT-1m_PAXGUSDT-1m_SOLUSDT-1m_XRPUSDT-1m,4209,1145,3064,27.20,-10.00,20,-459.91,1.973,-0.070,-399.4557,-399.4557,اصلی,27.20,7.15,0.83,0.00,31.2843,-0.4998,1.3490,135,734.3406,-183.84,0.00,0.00,101,0,-3.9550,10.4342,54.3928,-19.1453,21.78,9.8069,-7.7874,20,41.67,14.90,-0.379,-0.839,-455.11,0,-0.104
